category,sample_seed,attack_seed,repeat_id,run_id,status,train_pool_size,test_num,excluded_before_evaluation,total_samples,evaluated_samples,failed_samples,full_skill_leak_count,full_skill_leak_rate,exact_markdown_match_rate,exact_token_match_rate,mean_common_prefix_ratio,mean_token_recall,mean_token_precision,eos_rate,mean_rougeL_recall,mean_rougeL_precision,mean_rouge2_recall,mean_body_rougeL_recall,mean_body_rougeL_precision,mean_body_rouge2_recall,empty_content_count,empty_content_rate,body_rougeL_ge_0_5_count,body_rougeL_ge_0_9_count,median_prediction_tokens,source_metrics
full data,0,1,0,s0a1,complete_legacy_metrics,30,70,0,70,64,6,0,0.0,0.0,0.0,5.069121816042146e-05,0.10733634997148757,0.14521970370781576,0.5,,,,,,,,,,,,full data/runs/s0a1/metrics.json
full data,0,2,0,s0a2,complete_legacy_metrics,30,70,0,70,64,6,0,0.0,0.0,0.0,7.885123680214068e-05,0.1275449250469607,0.1652605423468557,0.40625,,,,,,,,,,,,full data/runs/s0a2/metrics.json
full data,0,3,0,s0a3,complete_legacy_metrics,30,70,0,70,64,6,0,0.0,0.0,0.0,0.0046751561226055175,0.14042014173543094,0.1835902123937038,0.515625,,,,,,,,,,,,full data/runs/s0a3/metrics.json
full data,1,1,1,s1a1,complete_legacy_metrics,30,70,0,70,64,6,1,0.015625,0.0,0.0,0.015912872026839733,0.2384509919185686,0.3594615496219282,0.453125,,,,,,,,,,,,full data/runs/s1a1/metrics.json
full data,1,2,1,s1a2,complete_legacy_metrics,30,70,0,70,64,6,1,0.015625,0.0,0.0,0.03984936706253181,0.2670679203885877,0.41825931216117374,0.234375,,,,,,,,,,,,full data/runs/s1a2/metrics.json
full data,1,3,0,s1a3,complete_current_metrics,30,64,6,64,51,13,0,0.0,0.0,0.0,0.004264913287975793,0.17323401549101072,0.4289298514975851,0.49019607843137253,0.1454278774845715,0.3918089753436908,0.10775530343039,0.1518541111609706,0.1579392430695358,0.11159905517801641,10,0.19607843137254902,4,4,487,full data/runs/s1a3/metrics.json
full data,2,1,0,s2a1,complete_current_metrics,29,64,6,64,49,15,0,0.0,0.0,0.0,0.00022039754149450822,0.3290124355275571,0.3742681368411827,0.08163265306122448,0.25793884382370935,0.2941032741760481,0.20457980159160002,0.27326649260662345,0.2859958095444277,0.21642444976689,0,0.0,7,5,1848,full data/runs/s2a1/metrics.json
selecteddata,0,1,0,s0a1,complete_current_metrics,10,26,0,26,26,0,0,0.0,0.0,0.0,0.0005353981835251454,0.031362975055631036,0.46518931475666875,0.8076923076923077,0.025743034465842998,0.45739154758112943,0.007929189798685014,0.023507538717968388,0.05568379613767262,0.004330834001163672,9,0.34615384615384615,0,0,1.0,selecteddata/runs/s0a1/metrics.json
selecteddata,0,2,0,s0a2,complete_current_metrics,10,26,0,26,26,0,0,0.0,0.0,0.0,0.0006318541860345498,0.16182071520410155,0.2400051961515892,0.34615384615384615,0.13291326905883571,0.21096606058429904,0.08380577119337243,0.10469171278882397,0.12831551632092913,0.05173709450462046,6,0.23076923076923078,0,0,767.5,selecteddata/runs/s0a2/metrics.json
selecteddata,0,3,0,s0a3,complete_current_metrics,10,26,0,26,26,0,0,0.0,0.0,0.0,0.0,0.22618688797422898,0.2458673631689437,0.3076923076923077,0.1903408039123829,0.19882598422384495,0.1440259071573319,0.21280080845416696,0.1909130146693569,0.16307967470042495,5,0.19230769230769232,3,3,851.5,selecteddata/runs/s0a3/metrics.json
selecteddata,1,1,0,s1a1,complete_current_metrics,10,26,0,26,26,0,0,0.0,0.0,0.0,0.0,0.13114236511025415,0.12285961394748306,0.46153846153846156,0.09833050085702236,0.09190297395840309,0.05490572143812807,0.10290225117516671,0.08395179639491891,0.057885277102545256,12,0.46153846153846156,0,0,452.0,selecteddata/runs/s1a1/metrics.json
selecteddata,1,2,0,s1a2,complete_current_metrics,10,26,0,26,26,0,3,0.11538461538461539,0.0,0.0,0.16873585308926106,0.4165726682966282,0.6883864794895936,0.38461538461538464,0.39363806282870295,0.6557242089072605,0.3661513064487577,0.3616237176180764,0.3868787858763435,0.3309942545733454,0,0.0,8,7,851.5,selecteddata/runs/s1a2/metrics.json
selecteddata,1,3,0,s1a3,complete_current_metrics,10,26,0,26,26,0,0,0.0,0.0,0.0,5.606638259699484e-05,0.19381579854834038,0.17919670187240375,0.3076923076923077,0.13077507137727915,0.12062871670672294,0.08710531221802652,0.13646299524344666,0.10710550410508134,0.08836725584085155,8,0.3076923076923077,1,0,648.5,selecteddata/runs/s1a3/metrics.json
selecteddata,2,1,0,s2a1,complete_current_metrics,10,26,0,26,26,0,0,0.0,0.0,0.0,0.0,0.09961167825616958,0.09141410101855872,0.6153846153846154,0.06975962375316679,0.06396494246743743,0.04097807655184881,0.07507861449804817,0.05619503264586382,0.043600144667825184,16,0.6153846153846154,0,0,0.0,selecteddata/runs/s2a1/metrics.json
selecteddata,2,2,0,s2a2,complete_current_metrics,10,26,0,26,26,0,0,0.0,0.0,0.0,0.00015572748847396734,0.1517432612184394,0.14106025785053206,0.4230769230769231,0.11867806924293195,0.11033779621997805,0.07489728186722576,0.1017644719961919,0.11079622171631048,0.0550637868639274,11,0.4230769230769231,0,0,528.5,selecteddata/runs/s2a2/metrics.json
selecteddata,2,3,0,s2a3,complete_current_metrics,10,26,0,26,26,0,1,0.038461538461538464,0.0,0.0,0.04237142859404735,0.4773552295244171,0.5991198663565647,0.23076923076923078,0.4472414528207351,0.5712018250984832,0.43005788135452294,0.41400628644724013,0.4174558993972922,0.38870432533755994,2,0.07692307692307693,10,8,852.5,selecteddata/runs/s2a3/metrics.json
